﻿<?xml version="1.0" encoding="UTF-8"?>

<rss version="2.0">
  <channel>
    <title>Mi RSS</title>
    <category>Ciencia</category>
    <link>https://rssciencia.com</link>
    <description>Este es mi RSS</description>
    
    <item>
      <title>La ciencia se cuela en los bares</title>
      <category>Ciencia</category>
      <link>https://rssciencia.com</link>
      <description>Llega la quinta edición de Pint of Science el 20, 21 y 22 de mayo que, este año, se celebrará en 73 ciudades españolas.</description>
    </item>
    
    <item>
      <title>Jugar para aprender ciencia</title>
      <category>Ciencia</category>
      <link>https://rssciencia.com</link>
      <description>«Sin experimentos no hay ciencia», asegura Sebastián Cardenete, quien considera que el marco teórico en la instrucción de asignaturas de ...</description>
    </item>
    
    <item>
      <title>Una obra de amor por la ciencia</title>
      <category>Ciencia</category>
      <link>https://rssciencia.com</link>
      <description>Es cierto que Redes, el programa que dirigió y presentó desde 1996 hasta 2014 y donde yo me inicié en la divulgación de la ciencia, nunca ...</description>
    </item>
  </channel>
</rss>