﻿<?xml version="1.0" encoding="UTF-8"?>

<rss version="2.0">
  <channel>
    <title>Mi RSS</title>
    <category>Hormigas</category>
    <link>https://rsshormigas.com</link>
    <description>Este es mi RSS</description>
    
    <item>
      <title>Cinco remedios caseros para evitar que las hormigas invadan tu casa</title>
      <category>Hormigas</category>
      <link>https://www.diarioinformacion.com/vida-y-estilo/decoracion/2019/05/24/cinco-remedios-caseros-evitar-hormigas/2151933.html</link>
      <description>En España hay más de 300 tipos de hormigas, de las cuales una docena de ellas son invasoras de hogares.</description>
    </item>
    
    <item>
      <title>Cómo alejar a las hormigas negras de las huertas</title>
      <category>Hormigas</category>
      <link>http://supercampo.perfil.com/2019/05/como-alejar-a-las-hormigas-negras-de-las-huertas/</link>
      <description>Las hormigas negras son seguramente una de las visitas más frecuentes y menos queridas de nuestra huerta, dentro de las especies más conocidas están la roja, carpintera y Argentina.</description>
    </item>
    
    <item>
      <title>Abandonada y picada por hormigas</title>
      <category>Hormigas</category>
      <link>https://es.aleteia.org/2019/05/24/abandonada-y-picada-por-hormigas-la-muerte-de-esta-bebe-indigna-a-paraguay/</link>
      <description>Luego de ser encontrada la llevaron a un centro de asistencia, pero no logró sobrevivir por falta de terapia.</description>
    </item>
  </channel>
</rss>